fecha,compra,venta
05-08-2020,71.89,76.89
04-08-2020,71.69,76.69
03-08-2020,71.64,76.64
31-07-2020,71.39,76.39
30-07-2020,71.27,76.27
29-07-2020,71.08,76.08
28-07-2020,71.10,76.10
27-07-2020,71.00,76.00
24-07-2020,70.92,75.92
24-07-2020,70.86,75.86
23-07-2020,70.86,75.86
22-07-2020,70.66,75.66
21-07-2020,70.64,75.64
20-07-2020,70.56,75.56
17-07-2020,70.25,75.25
16-07-2020,70.21,75.21
15-07-2020,70.21,75.21
14-07-2020,70.09,75.09
13-07-2020,69.99,74.99
08-07-2020,69.71,74.71
07-07-2020,69.64,74.64
06-07-2020,69.61,74.61
03-07-2020,69.32,74.32
02-07-2020,69.18,74.18
01-07-2020,69.13,74.13
30-06-2020,69.07,74.07
29-06-2020,68.86,73.86
26-06-2020,68.56,73.56
25-06-2020,68.53,73.53
24-06-2020,68.51,73.51
23-06-2020,68.44,73.44
22-06-2020,68.13,73.13
19-06-2020,68.08,73.08
18-06-2020,67.98,72.98
17-06-2020,67.86,72.86
16-06-2020,67.68,72.68
12-06-2020,67.50,72.50
11-06-2020,67.34,72.34
10-06-2020,67.19,72.19
09-06-2020,67.04,72.04
08-06-2020,66.88,71.88
05-06-2020,66.48,71.48
04-06-2020,66.15,71.15
03-06-2020,65.92,70.92
02-06-2020,66.01,71.01
01-06-2020,65.72,70.72
29-05-2020,65.76,70.76
28-05-2020,65.69,70.69
27-05-2020,65.63,70.63
26-05-2020,65.61,70.61
22-05-2020,65.58,70.58
21-05-2020,65.38,70.38
20-05-2020,65.33,70.33
19-05-2020,65.32,70.32
18-05-2020,65.26,70.26
15-05-2020,65.06,70.06
14-05-2020,65.05,70.05
13-05-2020,64.84,69.84
12-05-2020,64.66,69.66
11-05-2020,64.63,69.63
08-05-2020,64.63,69.63
07-05-2020,64.54,69.54
06-05-2020,64.46,69.46
05-05-2020,64.31,69.31
04-05-2020,64.16,69.16
30-04-2020,64.16,69.16
29-04-2020,64.07,69.07
28-04-2020,63.97,68.97
27-04-2020,63.89,68.89
24-04-2020,63.69,68.69
23-04-2020,63.44,68.44
22-04-2020,63.43,68.43
21-04-2020,63.34,68.34
20-04-2020,62.96,67.96
17-04-2020,62.96,67.96
16-04-2020,62.87,67.87
15-04-2020,62.60,67.60
14-04-2020,62.53,67.53
13-04-2020,62.43,67.43
08-04-2020,62.07,67.07
07-04-2020,62.09,67.09
06-04-2020,61.98,66.98
03-04-2020,61.85,66.85
02-04-2020,61.51,66.51
01-04-2020,61.61,66.61
30-03-2020,61.58,66.58
27-03-2020,61.44,66.44
26-03-2020,61.13,66.13
25-03-2020,60.85,65.85
20-03-2020,60.91,65.91
19-03-2020,60.59,65.59
18-03-2020,60.46,65.46
17-03-2020,59.96,64.96
16-03-2020,60.09,65.09
13-03-2020,60.05,65.05
12-03-2020,60.02,65.02
11-03-2020,59.74,64.74
10-03-2020,59.72,64.72
09-03-2020,59.71,64.71
06-03-2020,59.71,64.71
05-03-2020,59.41,64.41
04-03-2020,59.53,64.53
03-03-2020,59.51,64.51
02-03-2020,59.39,64.39
28-02-2020,59.26,64.26
27-02-2020,59.03,64.03
26-02-2020,59.09,64.09
21-02-2020,58.99,63.99
20-02-2020,58.86,63.86
19-02-2020,58.71,63.71
18-02-2020,58.99,63.99
17-02-2020,58.78,63.78
14-02-2020,57.73,63.73
13-02-2020,57.66,63.66
12-02-2020,57.62,63.62
11-02-2020,57.46,63.46
10-02-2020,57.31,63.31
07-02-2020,57.05,63.05
06-02-2020,57.01,63.01
05-02-2020,57.10,63.10
04-02-2020,58.07,63.07
03-02-2020,58.05,63.05
31-01-2020,58.03,63.03
30-01-2020,57.97,62.97
29-01-2020,57.97,62.97
28-01-2020,58.07,63.07
27-01-2020,57.97,62.97
24-01-2020,57.98,62.98
23-01-2020,57.98,62.98
22-01-2020,57.98,62.98
21-01-2020,57.98,62.98
20-01-2020,57.97,62.97
17-01-2020,57.97,62.97
16-01-2020,57.97,62.97
15-01-2020,57.98,62.98
14-01-2020,57.97,62.97
13-01-2020,57.96,62.96
10-01-2020,57.96,62.96
09-01-2020,57.98,62.98
08-01-2020,57.99,62.99
07-01-2020,57.99,62.99
06-01-2020,57.99,62.99
03-01-2020,57.98,62.98
02-01-2020,58.00,63.00
30-12-2019,57.99,62.99
27-12-2019,57.99,62.99
26-12-2019,57.99,62.99
23-12-2019,58.00,63.00
20-12-2019,57.99,62.99
19-12-2019,58.08,63.08
18-12-2019,58.08,63.08
17-12-2019,58.09,63.09
16-12-2019,58.09,63.09
13-12-2019,58.07,63.07
12-12-2019,58.09,63.09
11-12-2019,58.08,63.08
10-12-2019,59.00,63.00
09-12-2019,58.99,62.99
06-12-2019,57.94,62.94
05-12-2019,57.94,62.94
04-12-2019,57.94,62.94
03-12-2019,57.90,62.90
02-12-2019,57.93,62.93
29-11-2019,57.93,62.93
28-11-2019,57.88,62.88
27-11-2019,57.87,62.87
26-11-2019,57.87,62.87
25-11-2019,57.91,62.91
22-11-2019,57.90,62.90
21-11-2019,57.91,62.91
20-11-2019,57.90,62.90
19-11-2019,57.90,62.90
15-11-2019,57.93,62.93
14-11-2019,57.97,62.97
13-11-2019,58.00,63.00
12-11-2019,57.98,62.98
11-11-2019,58.07,63.07
08-11-2019,58.05,63.05
07-11-2019,58.22,63.22
05-11-2019,58.26,63.26
04-11-2019,58.32,63.32
01-11-2019,58.35,63.35
31-10-2019,58.22,63.22
30-10-2019,58.42,63.42
29-10-2019,58.42,63.42
28-10-2019,58.45,63.45
25-10-2019,61.00,65.00
24-10-2019,59.34,63.34
23-10-2019,58.37,62.37
22-10-2019,57.33,61.33
21-10-2019,56.99,60.99
18-10-2019,56.73,60.73
17-10-2019,56.59,60.59
16-10-2019,56.53,60.53
15-10-2019,56.43,60.43
11-10-2019,56.31,60.31
10-10-2019,56.30,60.30
09-10-2019,56.29,60.29
08-10-2019,56.24,60.24
07-10-2019,56.19,60.19
04-10-2019,56.09,60.09
03-10-2019,56.22,60.22
02-10-2019,56.22,60.22
01-10-2019,56.10,60.10
30-09-2019,55.82,59.82
27-09-2019,55.56,59.56
26-09-2019,55.51,59.51
25-09-2019,55.34,59.34
24-09-2019,55.34,59.34
23-09-2019,55.32,59.32
20-09-2019,55.08,59.08
19-09-2019,55.07,59.07
18-09-2019,55.15,59.15
17-09-2019,55.06,59.06
16-09-2019,54.78,58.78
13-09-2019,54.44,58.44
12-09-2019,54.41,58.41
11-09-2019,54.24,58.24
10-09-2019,54.13,58.13
09-09-2019,54.15,58.15
06-09-2019,54.02,58.02
05-09-2019,54.21,58.21
04-09-2019,53.06,58.06
03-09-2019,53.49,58.49
02-09-2019,53.31,58.41
30-08-2019,57.54,62.04
29-08-2019,56.30,60.30
28-08-2019,56.17,60.17
27-08-2019,54.66,58.66
26-08-2019,53.03,57.21
23-08-2019,52.31,57.31
22-08-2019,52.24,57.24
21-08-2019,52.27,57.27
20-08-2019,52.39,57.39
16-08-2019,53.12,58.12
15-08-2019,54.72,59.72
14-08-2019,57.18,62.18
13-08-2019,52.07,58.14
12-08-2019,51.23,57.30
09-08-2019,44.35,46.55
08-08-2019,44.27,46.47
07-08-2019,44.60,46.80
06-08-2019,44.28,46.48
05-08-2019,44.48,46.68
02-08-2019,43.69,45.89
01-08-2019,43.35,45.55
31-07-2019,42.83,45.03
30-07-2019,42.86,45.06
29-07-2019,42.73,44.93
26-07-2019,42.31,44.51
25-07-2019,42.36,44.56
24-07-2019,41.85,44.05
23-07-2019,41.67,43.87
22-07-2019,41.41,43.61
19-07-2019,41.42,43.62
18-07-2019,41.41,43.61
17-07-2019,41.51,43.71
16-07-2019,41.58,43.78
15-07-2019,41.21,43.41
12-07-2019,40.65,42.85
11-07-2019,40.72,42.92
10-07-2019,40.89,43.09
05-07-2019,40.90,43.10
04-07-2019,40.69,42.89
03-07-2019,41.05,43.25
02-07-2019,41.25,43.45
01-07-2019,41.28,43.48
28-06-2019,41.50,43.70
27-06-2019,41.74,43.94
26-06-2019,41.75,43.95
25-06-2019,41.28,43.48
24-06-2019,41.45,43.65
21-06-2019,41.87,44.07
19-06-2019,42.30,44.50
18-06-2019,42.51,44.71
14-06-2019,42.97,45.17
13-06-2019,42.42,44.62
12-06-2019,42.67,44.87
11-06-2019,43.74,45.94
10-06-2019,43.94,46.14
07-06-2019,43.92,46.12
06-06-2019,43.92,46.12
05-06-2019,43.88,46.08
04-06-2019,43.76,45.96
03-06-2019,43.93,46.13
31-05-2019,43.85,46.10
30-05-2019,43.45,45.65
29-05-2019,43.58,45.78
28-05-2019,43.68,45.88
27-05-2019,43.89,46.09
24-05-2019,43.86,46.06
23-05-2019,44.06,46.26
22-05-2019,43.85,46.05
21-05-2019,43.84,46.04
20-05-2019,44.22,46.42
17-05-2019,44.00,46.20
16-05-2019,43.76,45.96
15-05-2019,43.96,46.16
14-05-2019,43.96,46.16
13-05-2019,44.20,46.40
10-05-2019,43.85,46.05
09-05-2019,44.30,46.50
08-05-2019,44.13,46.33
07-05-2019,44.16,46.36
06-05-2019,43.66,45.86
03-05-2019,43.35,45.55
02-05-2019,43.75,45.95
30-04-2019,43.16,45.36
29-04-2019,43.60,45.60
26-04-2019,44.90,46.90
25-04-2019,44.13,46.13
24-04-2019,42.92,44.92
23-04-2019,41.52,43.52
22-04-2019,41.69,43.69
17-04-2019,40.98,42.98
16-04-2019,41.38,43.38
15-04-2019,40.65,42.65
12-04-2019,41.29,43.29
11-04-2019,41.90,43.90
10-04-2019,42.22,44.22
09-04-2019,42.52,44.52
08-04-2019,42.83,44.83
05-04-2019,42.96,44.96
04-04-2019,42.29,44.29
03-04-2019,41.84,43.84
01-04-2019,41.86,43.86
29-03-2019,42.40,44.40
28-03-2019,42.69,44.69
27-03-2019,42.92,44.92
26-03-2019,41.67,43.67
25-03-2019,41.01,43.01
22-03-2019,40.86,42.86
21-03-2019,40.02,42.02
20-03-2019,39.95,41.95
19-03-2019,39.59,41.59
18-03-2019,39.02,41.02
15-03-2019,39.13,41.13
14-03-2019,39.76,41.76
13-03-2019,40.30,42.30
12-03-2019,40.52,42.52
11-03-2019,40.26,42.26
08-03-2019,40.27,42.27
07-03-2019,41.50,43.50
06-03-2019,39.72,41.72
01-03-2019,38.84,40.84
28-02-2019,38.14,40.14
27-02-2019,37.83,39.83
26-02-2019,38.00,40.00
25-02-2019,38.00,40.00
22-02-2019,39.21,40.21
21-02-2019,38.56,40.56
20-02-2019,38.76,40.76
19-02-2019,38.32,40.32
18-02-2019,37.79,39.79
15-02-2019,37.53,39.53
14-02-2019,37.32,39.32
13-02-2019,37.21,39.21
12-02-2019,36.95,38.95
11-02-2019,37.09,39.09
08-02-2019,36.92,38.92
07-02-2019,36.92,38.92
06-02-2019,36.59,38.59
05-02-2019,36.28,38.28
04-02-2019,36.29,38.29
01-02-2019,36.31,38.31
31-01-2019,36.31,38.31
30-01-2019,36.65,38.65
29-01-2019,36.60,38.60
28-01-2019,36.15,38.15
25-01-2019,36.03,38.03
24-01-2019,36.48,38.48
23-01-2019,36.58,38.58
22-01-2019,36.53,38.53
21-01-2019,36.73,38.73
18-01-2019,36.63,38.63
17-01-2019,36.75,38.75
16-01-2019,36.48,38.48
15-01-2019,36.20,38.20
14-01-2019,36.06,38.06
11-01-2019,36.03,38.03
10-01-2019,36.18,38.18
09-01-2019,36.49,38.49
08-01-2019,36.61,38.61
07-01-2019,36.41,38.41
04-01-2019,36.42,38.42
03-01-2019,36.51,38.51
02-01-2019,36.77,38.77
28-12-2018,36.83,38.83
27-12-2018,37.41,39.41
26-12-2018,37.48,39.48
21-12-2018,37.02,39.02
20-12-2018,37.04,39.04
19-12-2018,37.33,39.33
18-12-2018,37.20,39.20
17-12-2018,37.25,39.25
14-12-2018,37.16,39.16
13-12-2018,36.81,38.81
12-12-2018,36.62,38.62
11-12-2018,36.75,38.75
10-12-2018,36.79,38.79
07-12-2018,36.37,38.37
06-12-2018,36.71,38.71
05-12-2018,36.68,38.68
04-12-2018,36.32,38.32
03-12-2018,35.67,37.67
29-11-2018,36.82,38.82
28-11-2018,37.54,39.54
27-11-2018,37.63,39.63
26-11-2018,37.94,39.94
23-11-2018,36.50,38.50
22-11-2018,35.43,37.43
21-11-2018,35.25,37.25
20-11-2018,35.23,37.23
16-11-2018,35.00,37.00
15-11-2018,35.01,37.01
14-11-2018,35.02,37.02
13-11-2018,34.97,36.97
12-11-2018,34.42,36.42
09-11-2018,34.38,36.38
08-11-2018,34.53,36.53
07-11-2018,34.72,36.72
05-11-2018,34.60,36.60
02-11-2018,34.60,36.60
01-11-2018,34.76,36.76
31-10-2018,34.98,36.98
30-10-2018,35.80,37.80
29-10-2018,35.76,37.76
26-10-2018,35.85,37.85
25-10-2018,35.82,37.82
24-10-2018,35.88,37.88
23-10-2018,35.65,37.65
22-10-2018,35.44,37.44
19-10-2018,35.54,37.54
18-10-2018,35.54,37.54
17-10-2018,35.29,37.29
16-10-2018,35.10,37.10
12-10-2018,35.60,37.60
11-10-2018,35.77,37.77
10-10-2018,36.18,38.18
09-10-2018,36.19,38.19
08-10-2018,36.58,38.58
05-10-2018,36.90,38.90
04-10-2018,37.43,39.43
03-10-2018,36.71,38.71
02-10-2018,36.98,38.98
01-10-2018,38.76,40.76
28-09-2018,39.94,41.94
27-09-2018,38.83,40.53
26-09-2018,37.75,39.45
25-09-2018,37.21,38.91
24-09-2018,36.47,38.14
21-09-2018,36.46,38.16
20-09-2018,37.24,38.99
19-09-2018,38.42,40.12
18-09-2018,38.83,40.53
17-09-2018,38.72,40.42
14-09-2018,38.83,40.53
13-09-2018,38.44,40.24
12-09-2018,37.38,39.08
11-09-2018,37.04,38.74
10-09-2018,36.50,38.20
07-09-2018,36.11,37.81
06-09-2018,36.40,38.40
05-09-2018,37.28,39.28
04-09-2018,37.79,39.79
03-09-2018,37.04,39.04
31-08-2018,36.00,38.00
30-08-2018,37.87,39.87
29-08-2018,33.28,34.48
28-08-2018,31.07,32.07
27-08-2018,30.57,31.57
24-08-2018,30.49,31.49
23-08-2018,29.99,30.99
22-08-2018,29.84,30.84
21-08-2018,29.59,30.59
17-08-2018,29.47,30.47
16-08-2018,29.49,30.49
15-08-2018,29.71,30.71
14-08-2018,29.42,30.42
13-08-2018,29.72,30.72
10-08-2018,28.85,29.85
09-08-2018,27.71,28.71
08-08-2018,27.23,28.23
07-08-2018,27.03,28.03
06-08-2018,27.07,28.07
03-08-2018,27.02,28.02
02-08-2018,27.19,28.19
01-08-2018,27.23,28.23
31-07-2018,27.05,28.05
30-07-2018,27.03,28.03
27-07-2018,27.04,28.04
26-07-2018,27.09,28.09
25-07-2018,27.06,28.06
24-07-2018,27.18,28.18
23-07-2018,27.31,28.31
20-07-2018,27.31,28.31
19-07-2018,27.39,28.39
18-07-2018,27.34,28.34
17-07-2018,27.17,28.17
16-07-2018,27.00,28.00
13-07-2018,26.95,27.95
12-07-2018,26.91,27.91
11-07-2018,27.21,28.21
10-07-2018,27.05,28.05
06-07-2018,27.64,28.64
05-07-2018,27.78,28.78
04-07-2018,27.80,28.80
03-07-2018,27.67,28.67
02-07-2018,28.08,29.08
29-06-2018,28.66,29.66
28-06-2018,27.68,28.68
27-06-2018,27.05,28.05
26-06-2018,26.73,27.73
25-06-2018,26.68,27.68
22-06-2018,26.76,27.76
21-06-2018,27.19,28.19
19-06-2018,27.46,28.46
18-06-2018,27.40,28.40
15-06-2018,27.85,28.85
14-06-2018,27.44,28.44
13-06-2018,25.73,26.73
12-06-2018,25.39,26.39
11-06-2018,25.45,26.45
08-06-2018,24.98,25.98
07-06-2018,24.75,25.55
06-06-2018,24.67,25.47
05-06-2018,24.76,25.56
04-06-2018,24.77,25.57
01-06-2018,24.78,25.58
31-05-2018,24.75,25.55
30-05-2018,24.69,25.49
29-05-2018,24.68,25.48
28-05-2018,24.45,25.25
24-05-2018,24.36,25.16
23-05-2018,24.03,25.03
22-05-2018,23.86,24.86
21-05-2018,23.93,24.93
18-05-2018,24.11,25.11
17-05-2018,24.11,24.91
16-05-2018,23.99,24.79
15-05-2018,23.83,24.63
14-05-2018,24.52,25.52
11-05-2018,23.09,23.79
10-05-2018,22.42,23.22
09-05-2018,22.33,23.13
08-05-2018,22.14,22.94
07-05-2018,21.53,22.33
04-05-2018,21.88,22.28
03-05-2018,22.60,23.00
02-05-2018,21.12,21.52
27-04-2018,20.50,20.90
26-04-2018,20.44,20.84
25-04-2018,20.15,20.55
24-04-2018,20.15,20.55
23-04-2018,20.13,20.53
20-04-2018,20.08,20.48
19-04-2018,20.07,20.47
18-04-2018,20.05,20.45
17-04-2018,20.09,20.49
16-04-2018,20.11,20.51
13-04-2018,20.11,20.51
12-04-2018,20.08,20.48
11-04-2018,20.07,20.47
10-04-2018,20.11,20.51
09-04-2018,20.11,20.51
06-04-2018,20.11,20.51
05-04-2018,20.11,20.51
04-04-2018,20.09,20.49
03-04-2018,20.05,20.45
28-03-2018,20.06,20.46
27-03-2018,20.10,20.50
26-03-2018,20.09,20.49
23-03-2018,20.14,20.54
22-03-2018,20.19,20.59
21-03-2018,20.19,20.59
20-03-2018,20.16,20.56
19-03-2018,20.15,20.55
16-03-2018,20.15,20.55
15-03-2018,20.21,20.61
14-03-2018,20.12,20.52
13-03-2018,20.21,20.61
12-03-2018,20.14,20.54
09-03-2018,20.15,20.55
08-03-2018,20.29,20.69
07-03-2018,20.30,20.70
06-03-2018,20.21,20.61
05-03-2018,20.12,20.52
02-03-2018,20.14,20.54
01-03-2018,20.04,20.44
28-02-2018,20.02,20.42
27-02-2018,20.10,20.50
26-02-2018,20.08,20.48
23-02-2018,19.88,20.28
22-02-2018,19.88,20.28
21-02-2018,19.82,20.22
20-02-2018,19.77,20.17
19-02-2018,19.78,20.18
16-02-2018,19.65,20.05
15-02-2018,19.63,20.03
14-02-2018,19.84,20.24
09-02-2018,19.96,20.36
08-02-2018,19.80,20.20
07-02-2018,19.55,19.95
06-02-2018,19.55,19.95
05-02-2018,19.41,19.81
02-02-2018,19.43,19.83
01-02-2018,19.36,19.76
31-01-2018,19.55,19.95
30-01-2018,19.51,19.91
29-01-2018,19.50,19.90
26-01-2018,19.45,19.85
25-01-2018,19.45,19.85
24-01-2018,19.53,19.93
23-01-2018,19.26,19.66
22-01-2018,19.04,19.44
19-01-2018,18.91,19.31
18-01-2018,18.76,19.16
17-01-2018,18.82,19.22
16-01-2018,18.80,19.20
15-01-2018,18.66,19.06
12-01-2018,18.62,19.02
11-01-2018,18.60,19.00
10-01-2018,18.59,18.99
09-01-2018,18.91,19.31
08-01-2018,18.94,19.34
05-01-2018,18.86,19.26
04-01-2018,18.56,18.96
03-01-2018,18.38,18.78
02-01-2018,18.36,18.76
29-12-2017,18.55,18.95
28-12-2017,19.06,19.46
27-12-2017,18.39,18.79
26-12-2017,18.21,18.61
22-12-2017,17.94,18.34
21-12-2017,17.83,18.23
20-12-2017,17.66,18.06
19-12-2017,17.55,17.95
18-12-2017,17.48,17.88
15-12-2017,17.45,17.85
14-12-2017,17.30,17.70
13-12-2017,17.25,17.65
12-12-2017,17.26,17.66
11-12-2017,17.20,17.60
07-12-2017,17.24,17.64
06-12-2017,17.22,17.62
05-12-2017,17.27,17.67
04-12-2017,17.23,17.63
01-12-2017,17.18,17.58
30-11-2017,17.28,17.68
29-11-2017,17.32,17.72
28-11-2017,17.25,17.65
27-11-2017,17.23,17.63
24-11-2017,17.29,17.69
23-11-2017,17.34,17.74
22-11-2017,17.35,17.75
21-11-2017,17.39,17.79
17-11-2017,17.39,17.79
16-11-2017,17.41,17.81
15-11-2017,17.42,17.82
14-11-2017,17.37,17.77
13-11-2017,17.42,17.82
10-11-2017,17.41,17.81
09-11-2017,17.42,17.82
08-11-2017,17.45,17.85
07-11-2017,17.53,17.93
03-11-2017,17.49,17.89
02-11-2017,17.45,17.85
01-11-2017,17.53,17.93
31-10-2017,17.55,17.95
30-10-2017,17.56,17.96
27-10-2017,17.54,17.94
26-10-2017,17.50,17.90
25-10-2017,17.36,17.76
24-10-2017,17.39,17.79
23-10-2017,17.28,17.68
20-10-2017,17.37,17.77
19-10-2017,17.34,17.74
18-10-2017,17.26,17.66
17-10-2017,17.27,17.67
13-10-2017,17.27,17.67
12-10-2017,17.33,17.73
11-10-2017,17.34,17.74
10-10-2017,17.34,17.74
09-10-2017,17.38,17.78
06-10-2017,17.37,17.77
05-10-2017,17.27,17.67
04-10-2017,17.27,17.67
03-10-2017,17.33,17.73
02-10-2017,17.31,17.71
29-09-2017,17.23,17.63
28-09-2017,17.40,17.80
27-09-2017,17.43,17.83
26-09-2017,17.47,17.87
25-09-2017,17.36,17.76
22-09-2017,17.19,17.59
21-09-2017,17.18,17.58
20-09-2017,17.05,17.45
19-09-2017,17.06,17.46
18-09-2017,16.98,17.38
15-09-2017,16.89,17.29
14-09-2017,16.94,17.34
13-09-2017,16.98,17.38
12-09-2017,17.00,17.40
11-09-2017,17.09,17.49
08-09-2017,17.11,17.51
07-09-2017,17.12,17.52
06-09-2017,17.13,17.53
05-09-2017,17.18,17.58
04-09-2017,17.20,17.60
01-09-2017,17.15,17.55
31-08-2017,17.23,17.63
30-08-2017,17.29,17.69
29-08-2017,17.27,17.67
28-08-2017,17.13,17.53
25-08-2017,17.11,17.51
24-08-2017,17.09,17.49
23-08-2017,17.14,17.54
22-08-2017,17.13,17.53
18-08-2017,17.20,17.60
17-08-2017,17.22,17.62
16-08-2017,17.09,17.49
15-08-2017,16.97,17.37
14-08-2017,17.09,17.49
11-08-2017,17.61,18.01
10-08-2017,17.61,18.01
09-08-2017,17.65,18.05
08-08-2017,17.58,17.98
07-08-2017,17.58,17.98
04-08-2017,17.54,17.94
03-08-2017,17.54,17.94
02-08-2017,17.47,17.87
01-08-2017,17.47,17.87
31-07-2017,17.54,17.94
28-07-2017,17.61,18.01
27-07-2017,17.47,17.87
26-07-2017,17.36,17.76
25-07-2017,17.26,17.66
24-07-2017,17.50,17.90
21-07-2017,17.26,17.66
20-07-2017,17.06,17.46
19-07-2017,17.06,17.46
18-07-2017,16.99,17.39
17-07-2017,16.79,17.19
14-07-2017,16.75,17.15
13-07-2017,16.86,17.26
12-07-2017,16.87,17.27
11-07-2017,16.90,17.30
10-07-2017,16.88,17.28
07-07-2017,16.89,17.29
06-07-2017,16.98,17.38
05-07-2017,17.00,17.40
04-07-2017,16.78,17.18
03-07-2017,16.66,17.06
30-06-2017,16.48,16.88
29-06-2017,16.35,16.75
28-06-2017,16.28,16.68
27-06-2017,16.28,16.68
26-06-2017,16.15,16.55
23-06-2017,16.03,16.43
22-06-2017,16.06,16.46
21-06-2017,16.14,16.54
19-06-2017,15.99,16.39
16-06-2017,15.90,16.30
15-06-2017,15.80,16.20
14-06-2017,15.75,16.15
13-06-2017,15.78,16.18
12-06-2017,15.79,16.19
09-06-2017,15.78,16.18
08-06-2017,15.83,16.23
07-06-2017,15.88,16.28
06-06-2017,15.88,16.28
05-06-2017,15.91,16.31
02-06-2017,15.91,16.31
01-06-2017,15.93,16.33
31-05-2017,16.00,16.40
30-05-2017,15.95,16.35
29-05-2017,15.90,16.30
26-05-2017,15.92,16.32
24-05-2017,15.95,16.35
23-05-2017,15.95,16.35
22-05-2017,16.01,16.41
19-05-2017,15.82,16.22
18-05-2017,15.87,16.27
17-05-2017,15.51,15.91
16-05-2017,15.49,15.89
15-05-2017,15.40,15.80
12-05-2017,15.34,15.74
11-05-2017,15.36,15.76
10-05-2017,15.44,15.84
09-05-2017,15.46,15.86
08-05-2017,15.32,15.72
05-05-2017,15.26,15.66
04-05-2017,15.25,15.65
03-05-2017,15.19,15.59
02-05-2017,15.24,15.64
28-04-2017,15.34,15.74
27-04-2017,15.36,15.76
26-04-2017,15.38,15.78
25-04-2017,15.35,15.75
24-04-2017,15.32,15.72
21-04-2017,15.33,15.73
20-04-2017,15.32,15.72
19-04-2017,15.32,15.72
18-04-2017,15.16,15.56
17-04-2017,15.11,15.51
12-04-2017,15.09,15.49
11-04-2017,15.15,15.55
10-04-2017,15.20,15.60
07-04-2017,15.28,15.68
06-04-2017,15.29,15.69
05-04-2017,15.25,15.65
04-04-2017,15.29,15.69
03-04-2017,15.31,15.71
31-03-2017,15.27,15.67
30-03-2017,15.29,15.69
29-03-2017,15.35,15.75
28-03-2017,15.44,15.84
27-03-2017,15.49,15.89
23-03-2017,15.51,15.91
22-03-2017,15.51,15.91
21-03-2017,15.52,15.92
20-03-2017,15.54,15.94
17-03-2017,15.43,15.83
16-03-2017,15.43,15.83
15-03-2017,15.43,15.83
14-03-2017,15.42,15.82
13-03-2017,15.41,15.81
10-03-2017,15.40,15.80
09-03-2017,15.48,15.88
08-03-2017,15.50,15.90
07-03-2017,15.41,15.81
06-03-2017,15.34,15.74
03-03-2017,15.34,15.74
02-03-2017,15.32,15.72
01-03-2017,15.37,15.77
24-02-2017,15.41,15.81
23-02-2017,15.47,15.87
22-02-2017,15.46,15.86
21-02-2017,15.56,15.96
20-02-2017,15.60,16.00
17-02-2017,15.53,15.93
16-02-2017,15.31,15.71
15-02-2017,15.33,15.73
14-02-2017,15.40,15.80
13-02-2017,15.43,15.83
10-02-2017,15.46,15.86
09-02-2017,15.55,15.95
08-02-2017,15.60,16.00
07-02-2017,15.60,16.00
06-02-2017,15.60,16.00
03-02-2017,15.55,15.95
02-02-2017,15.59,15.99
01-02-2017,15.72,16.12
31-01-2017,15.81,16.21
30-01-2017,15.82,16.22
27-01-2017,15.82,16.22
26-01-2017,15.84,16.24
25-01-2017,15.84,16.24
24-01-2017,15.84,16.24
23-01-2017,15.83,16.23
20-01-2017,15.79,16.19
19-01-2017,15.87,16.27
18-01-2017,15.85,16.25
17-01-2017,15.78,16.18
16-01-2017,15.74,16.14
13-01-2017,15.73,16.13
12-01-2017,15.75,16.15
11-01-2017,15.76,16.16
10-01-2017,15.75,16.15
09-01-2017,15.73,16.13
06-01-2017,15.75,16.15
05-01-2017,15.88,16.28
04-01-2017,15.98,16.38
03-01-2017,15.80,16.20
02-01-2017,15.80,16.20
30-12-2016,15.77,16.17
29-12-2016,15.75,16.15
28-12-2016,15.50,15.90
27-12-2016,15.43,15.83
26-12-2016,15.46,15.86
23-12-2016,15.44,15.84
22-12-2016,15.64,16.04
21-12-2016,15.73,16.13
20-12-2016,15.71,16.11
19-12-2016,15.71,16.11
16-12-2016,15.79,16.19
15-12-2016,15.84,16.24
14-12-2016,15.75,16.15
13-12-2016,15.84,16.24
12-12-2016,15.88,16.28
07-12-2016,15.79,16.19
06-12-2016,15.73,16.13
05-12-2016,15.75,16.15
02-12-2016,15.70,16.10
01-12-2016,15.71,16.11
30-11-2016,15.71,16.11
29-11-2016,15.48,15.88
25-11-2016,15.35,15.75
24-11-2016,15.36,15.76
23-11-2016,15.35,15.75
22-11-2016,15.26,15.66
21-11-2016,15.23,15.63
18-11-2016,15.30,15.70
17-11-2016,15.30,15.70
16-11-2016,15.33,15.73
15-11-2016,15.35,15.75
14-11-2016,15.40,15.80
11-11-2016,15.08,15.48
10-11-2016,14.89,15.29
09-11-2016,14.80,15.20
08-11-2016,14.84,15.24
07-11-2016,14.86,15.26
04-11-2016,14.89,15.29
03-11-2016,14.92,15.32
02-11-2016,14.90,15.30
01-11-2016,15.05,15.35
31-10-2016,15.00,15.40
28-10-2016,15.02,15.42
27-10-2016,15.02,15.42
26-10-2016,15.03,15.43
25-10-2016,15.02,15.42
24-10-2016,14.94,15.34
21-10-2016,15.00,15.40
20-10-2016,15.02,15.42
19-10-2016,15.03,15.43
18-10-2016,15.04,15.44
17-10-2016,15.05,15.45
14-10-2016,14.99,15.39
13-10-2016,14.98,15.38
12-10-2016,15.00,15.40
11-10-2016,15.06,15.46
07-10-2016,15.07,15.47
06-10-2016,15.08,15.48
05-10-2016,15.06,15.46
04-10-2016,15.06,15.46
03-10-2016,15.05,15.45
30-09-2016,15.13,15.53
29-09-2016,15.22,15.62
28-09-2016,15.16,15.56
27-09-2016,15.08,15.48
26-09-2016,15.07,15.47
23-09-2016,15.01,15.41
22-09-2016,15.01,15.41
21-09-2016,15.00,15.40
20-09-2016,15.00,15.40
19-09-2016,15.00,15.40
16-09-2016,14.97,15.37
15-09-2016,14.88,15.28
14-09-2016,14.87,15.27
13-09-2016,14.82,15.22
12-09-2016,14.84,15.24
09-09-2016,14.87,15.27
08-09-2016,14.89,15.29
07-09-2016,14.85,15.25
06-09-2016,14.85,15.25
05-09-2016,14.82,15.22
02-09-2016,14.80,15.20
01-09-2016,14.76,15.16
31-08-2016,14.79,15.19
30-08-2016,14.93,15.33
29-08-2016,14.93,15.33
26-08-2016,14.79,15.19
25-08-2016,14.75,15.15
24-08-2016,14.74,15.14
23-08-2016,14.73,15.13
22-08-2016,14.75,15.15
19-08-2016,14.78,15.18
18-08-2016,14.78,15.18
17-08-2016,14.62,15.02
16-08-2016,14.57,14.97
12-08-2016,14.58,14.98
11-08-2016,14.58,14.98
10-08-2016,14.60,15.00
09-08-2016,14.65,15.05
08-08-2016,14.64,15.04
05-08-2016,14.72,15.12
04-08-2016,14.74,15.14
03-08-2016,14.73,15.13
02-08-2016,14.75,15.15
01-08-2016,14.86,15.26
29-07-2016,14.88,15.28
28-07-2016,14.88,15.28
27-07-2016,14.83,15.23
26-07-2016,14.79,15.19
25-07-2016,14.78,15.18
22-07-2016,14.79,15.19
21-07-2016,14.89,15.29
20-07-2016,14.87,15.27
19-07-2016,14.91,15.31
18-07-2016,14.96,15.36
15-07-2016,14.73,15.13
14-07-2016,14.58,14.98
13-07-2016,14.47,14.87
12-07-2016,14.50,14.90
11-07-2016,14.58,14.98
07-07-2016,14.56,14.96
06-07-2016,14.65,15.05
05-07-2016,14.83,15.23
04-07-2016,14.92,15.32
01-07-2016,14.94,15.34
30-06-2016,14.83,15.23
29-06-2016,14.78,15.18
28-06-2016,14.85,15.25
27-06-2016,15.03,15.43
24-06-2016,14.72,15.12
23-06-2016,14.14,14.54
22-06-2016,13.89,14.29
21-06-2016,13.78,14.18
16-06-2016,13.73,14.13
15-06-2016,13.65,14.05
14-06-2016,13.67,14.07
13-06-2016,13.70,14.10
10-06-2016,13.71,14.11
09-06-2016,13.74,14.14
08-06-2016,13.74,14.14
07-06-2016,13.69,14.09
06-06-2016,13.69,14.09
03-06-2016,13.77,14.17
02-06-2016,13.82,14.22
01-06-2016,13.85,14.25
31-05-2016,13.89,14.29
30-05-2016,13.87,14.27
27-05-2016,13.89,14.29
26-05-2016,13.94,14.34
24-05-2016,13.92,14.32
23-05-2016,13.91,14.31
20-05-2016,13.96,14.36
19-05-2016,14.00,14.40
18-05-2016,14.01,14.41
17-05-2016,14.01,14.41
16-05-2016,14.04,14.44
13-05-2016,14.05,14.45
12-05-2016,14.09,14.49
11-05-2016,14.10,14.50
10-05-2016,14.12,14.52
09-05-2016,14.12,14.52
06-05-2016,14.12,14.52
05-05-2016,14.13,14.53
04-05-2016,14.11,14.51
03-05-2016,14.11,14.51
02-05-2016,14.14,14.54
29-04-2016,14.14,14.54
28-04-2016,14.11,14.51
27-04-2016,14.12,14.52
26-04-2016,14.21,14.61
25-04-2016,14.24,14.64
22-04-2016,14.28,14.68
21-04-2016,14.29,14.69
20-04-2016,14.17,14.57
19-04-2016,14.08,14.48
18-04-2016,14.09,14.49
15-04-2016,14.16,14.56
14-04-2016,14.25,14.65
13-04-2016,14.28,14.68
12-04-2016,14.39,14.79
11-04-2016,14.36,14.76
08-04-2016,14.34,14.74
07-04-2016,14.40,14.80
06-04-2016,14.59,14.99
05-04-2016,14.59,14.99
04-04-2016,14.66,15.06
01-04-2016,14.62,15.02
31-03-2016,14.49,14.89
30-03-2016,14.47,14.87
29-03-2016,14.53,14.93
28-03-2016,14.58,14.98
23-03-2016,14.34,14.74
22-03-2016,14.25,14.65
21-03-2016,14.42,14.82
18-03-2016,14.73,15.13
17-03-2016,14.66,15.06
16-03-2016,14.46,14.86
15-03-2016,14.49,14.89
14-03-2016,14.68,15.08
11-03-2016,14.90,15.30
10-03-2016,15.20,15.60
09-03-2016,15.22,15.62
08-03-2016,15.26,15.66
07-03-2016,15.20,15.60
04-03-2016,15.08,15.48
03-03-2016,15.13,15.53
02-03-2016,15.54,15.94
01-03-2016,15.69,16.09
29-02-2016,15.46,15.86
26-02-2016,15.23,15.63
25-02-2016,15.20,15.60
24-02-2016,15.20,15.60
23-02-2016,15.25,15.65
22-02-2016,14.95,15.35
19-02-2016,14.86,15.26
18-02-2016,14.87,15.27
17-02-2016,14.73,15.13
16-02-2016,14.60,15.00
15-02-2016,14.56,14.96
12-02-2016,14.56,14.96
11-02-2016,14.38,14.78
10-02-2016,14.30,14.70
05-02-2016,14.15,14.55
04-02-2016,14.01,14.41
03-02-2016,13.98,14.38
02-02-2016,13.96,14.36
01-02-2016,13.90,14.30
29-01-2016,13.74,14.14
28-01-2016,13.75,14.15
27-01-2016,13.73,14.13
26-01-2016,13.68,14.08
25-01-2016,13.64,14.04
22-01-2016,13.56,13.96
21-01-2016,13.43,13.83
20-01-2016,13.34,13.74
19-01-2016,13.34,13.74
18-01-2016,13.37,13.77
15-01-2016,13.36,13.76
14-01-2016,13.28,13.68
13-01-2016,13.46,13.86
12-01-2016,13.45,13.85
11-01-2016,13.73,14.13
08-01-2016,13.75,14.15
07-01-2016,13.78,14.18
06-01-2016,13.65,14.05
05-01-2016,13.57,13.87
04-01-2016,13.21,13.51
31-12-2015,13.11,13.41
30-12-2015,13.00,13.30
29-12-2015,12.97,13.27
28-12-2015,13.01,13.31
24-12-2015,13.09,13.39
23-12-2015,13.01,13.31
22-12-2015,13.00,13.30
21-12-2015,12.86,13.16
18-12-2015,13.30,13.60
17-12-2015,13.75,13.95
16-12-2015,9.79,9.84
15-12-2015,9.77,9.82
14-12-2015,9.75,9.80
11-12-2015,9.74,9.79
10-12-2015,9.71,9.76
09-12-2015,9.70,9.75
04-12-2015,9.69,9.74
03-12-2015,9.68,9.73
02-12-2015,9.67,9.72
01-12-2015,9.66,9.71
30-11-2015,9.65,9.70
26-11-2015,9.64,9.69
25-11-2015,9.64,9.69
24-11-2015,9.64,9.69
23-11-2015,9.64,9.69
20-11-2015,9.63,9.68
19-11-2015,9.62,9.67
18-11-2015,9.61,9.66
17-11-2015,9.61,9.66
16-11-2015,9.60,9.65
13-11-2015,9.59,9.64
12-11-2015,9.58,9.63
11-11-2015,9.57,9.62
10-11-2015,9.56,9.61
09-11-2015,9.55,9.60
05-11-2015,9.54,9.59
04-11-2015,9.53,9.58
03-11-2015,9.53,9.58
02-11-2015,9.52,9.57
30-10-2015,9.51,9.56
29-10-2015,9.51,9.56
28-10-2015,9.50,9.55
27-10-2015,9.50,9.55
26-10-2015,9.49,9.54
23-10-2015,9.48,9.53
22-10-2015,9.48,9.53
21-10-2015,9.47,9.52
20-10-2015,9.47,9.52
19-10-2015,9.46,9.51
16-10-2015,9.45,9.50
15-10-2015,9.45,9.50
14-10-2015,9.44,9.49
13-10-2015,9.44,9.49
09-10-2015,9.43,9.48
08-10-2015,9.42,9.47
07-10-2015,9.42,9.47
06-10-2015,9.41,9.46
05-10-2015,9.41,9.46
02-10-2015,9.40,9.45
01-10-2015,9.39,9.44
30-09-2015,9.38,9.43
29-09-2015,9.38,9.43
28-09-2015,9.37,9.42
25-09-2015,9.37,9.42
24-09-2015,9.37,9.42
23-09-2015,9.36,9.41
22-09-2015,9.36,9.41
21-09-2015,9.35,9.40
18-09-2015,9.34,9.39
17-09-2015,9.34,9.39
16-09-2015,9.33,9.38
15-09-2015,9.33,9.38
14-09-2015,9.32,9.37
11-09-2015,9.32,9.37
10-09-2015,9.31,9.36
09-09-2015,9.31,9.36
08-09-2015,9.30,9.35
07-09-2015,9.29,9.34
04-09-2015,9.29,9.34
03-09-2015,9.28,9.33
02-09-2015,9.27,9.32
01-09-2015,9.27,9.32
31-08-2015,9.26,9.31
28-08-2015,9.25,9.30
27-08-2015,9.25,9.30
26-08-2015,9.24,9.29
25-08-2015,9.24,9.29
24-08-2015,9.23,9.28
21-08-2015,9.22,9.27
20-08-2015,9.22,9.27
19-08-2015,9.21,9.26
18-08-2015,9.21,9.26
14-08-2015,9.21,9.26
13-08-2015,9.20,9.25
12-08-2015,9.19,9.25
11-08-2015,9.19,9.24
10-08-2015,9.18,9.23
07-08-2015,9.18,9.23
06-08-2015,9.17,9.22
05-08-2015,9.17,9.22
04-08-2015,9.16,9.21
03-08-2015,9.16,9.21
31-07-2015,9.15,9.20
30-07-2015,9.15,9.20
29-07-2015,9.15,9.20
28-07-2015,9.14,9.19
27-07-2015,9.14,9.19
24-07-2015,9.13,9.18
23-07-2015,9.13,9.18
22-07-2015,9.12,9.17
21-07-2015,9.12,9.17
20-07-2015,9.12,9.17
17-07-2015,9.11,9.16
16-07-2015,9.11,9.16
15-07-2015,9.10,9.15
14-07-2015,9.10,9.15
13-07-2015,9.09,9.14
10-07-2015,9.09,9.14
08-07-2015,9.08,9.13
07-07-2015,9.08,9.13
06-07-2015,9.07,9.12
03-07-2015,9.07,9.12
02-07-2015,9.06,9.11
01-07-2015,9.06,9.11
30-06-2015,9.05,9.10
29-06-2015,9.05,9.10
26-06-2015,9.04,9.09
25-06-2015,9.04,9.09
24-06-2015,9.03,9.08
23-06-2015,9.03,9.08
22-06-2015,9.03,9.08
19-06-2015,9.02,9.07
18-06-2015,9.02,9.07
17-06-2015,9.01,9.06
16-06-2015,9.01,9.06
15-06-2015,9.01,9.06
12-06-2015,9.00,9.05
11-06-2015,9.00,9.05
10-06-2015,8.99,9.04
09-06-2015,8.99,9.04
08-06-2015,8.98,9.03
05-06-2015,8.98,9.03
04-06-2015,8.97,9.02
03-06-2015,8.97,9.02
02-06-2015,8.97,9.02
01-06-2015,8.96,9.01
